<?xml version="1.0" encoding="UTF-8"?>
<Configuration monitorInterval="60">
    <Properties>
        <Property name="path">MCX/logs</Property>
    </Properties>
    <Appenders>
        <RollingFile name="App-Appender" fileName="${path}/alert.log" filePattern="${path}/$${date:yyyy-MM}/app-%d{MM-dd-yyyy}-%i.log.gz">
            <PatternLayout>
                <Pattern>
                    %d{HH:mm:ss.SSS} [%thread] %-5level %logger{35} - %msg %n
                </Pattern>
            </PatternLayout>
            <Policies>
                <TimeBasedTriggeringPolicy/>
                <SizeBasedTriggeringPolicy size="1 MB"/>
            </Policies>
        </RollingFile>
    </Appenders>
    <Loggers>
        <Logger name="com.mcx" level="debug" additivity="false">
            <AppenderRef ref="App-Appender"/>
         </Logger>
        <Root>
            <AppenderRef ref="Console-Appender"/>
        </Root>
    </Loggers>
</Configuration>